{
    "dna_structure": {
        "Genomes": {
            "Chromosomes": {
                "Genes": {
                    "Nucleotide Sequences": {
                        "code": "The `qros-_CTZA-encoder.py` _C _G _T<--...This is 'dna' encoded from a text file that creates the mappings."
                    }
                }
            }
        },
        "introns": {
            "mappings": "{'the': '_T', 'qrosdnaencoderpy': '_A',,<--...This is where the mappings are stored."
        },
        "exons": {
            "code": "var req_data = null;\nvar refreshTimeout = 0;<--...This is the un-encoded (as is) conent of the 'web.js' javascript file.",
            "metadata": {
                "metadata": {
                    "version": "1.0",
                    "author": "AI",
                    "description": "DNA strand with metadata and versioning",
                    "timestamp": "2023-09-30T15:49:26.463244"
                }
            }
        },
        "files": {
            "code": "{\"chunks\": [\"H4sIAMF7GGUC_32a<--...This is the gziped, base64 encoded and chunked data of the 'qros-dna.zip' file...written in a JSON file as chunks.",
            "metadata": {
                "metadata": {
                    "version": "1.0",
                    "author": "AI",
                    "description": "DNA strand with metadata and versioning",
                    "timestamp": "2023-09-30T15:49:26.463244"
                }
            }
        }
    },
    "initial_strand": {
        "code": "# Begin _TAC _TTG\n\n_AAZ _ACT\n_AAZ<--...This is a 'dna encoded' python script that encodes this JSON",
        "metadata": {
            "metadata": {
                "version": "1.0",
                "author": "AI",
                "description": "DNA strand with metadata and versioning",
                "timestamp": "2023-09-30T15:49:26.463244"
            }
        }
    },
    "second_strand": {
        "code": "# Begin _TTCC _CT _CGZT _GAC _ACAA<--...This is a 'dna decoder' python script that decodes this JSON",
        "metadata": {
            "metadata": {
                "version": "1.0",
                "author": "AI",
                "description": "DNA strand with metadata and versioning",
                "timestamp": "2023-09-30T15:49:26.463244"
            }
        }
    }
}